{
 "SADE": {
  "min": 190.37604806969568,
  "mean": 190.37604806969568,
  "max": 190.37604806969568
 },
 "DOA": {
  "min": 912.5922072397842,
  "mean": 912.5922072397842,
  "max": 912.5922072397842
 },
 "NOAH": {
  "min": 1016.1066181288721,
  "mean": 1016.1066181288721,
  "max": 1016.1066181288721
 },
 "CCCO": {
  "min": 1885.555091661424,
  "mean": 1885.555091661424,
  "max": 1885.555091661424
 },
 "PSO": {
  "min": 4350.432980963638,
  "mean": 4350.432980963638,
  "max": 4350.432980963638
 },
 "NIADE": {
  "min": 19394.66135903216,
  "mean": 19394.66135903216,
  "max": 19394.66135903216
 },
 "SOA": {
  "min": 72083.75835116836,
  "mean": 72083.75835116836,
  "max": 72083.75835116836
 },
 "GWO": {
  "min": 108265.2761284844,
  "mean": 108265.2761284844,
  "max": 108265.2761284844
 },
 "CGO": {
  "min": 372679.6100426618,
  "mean": 372679.6100426618,
  "max": 372679.6100426618
 },
 "GA": {
  "min": 4498342.818638072,
  "mean": 4498342.818638072,
  "max": 4498342.818638072
 },
 "WOA": {
  "min": 140629710.2676587,
  "mean": 140629710.2676587,
  "max": 140629710.2676587
 },
 "DBO": {
  "min": 1298605741.8489463,
  "mean": 1298605741.8489463,
  "max": 1298605741.8489463
 },
 "WarSO": {
  "min": 30899355014.850063,
  "mean": 30899355014.850063,
  "max": 30899355014.850063
 }
}