{
 "NOAH": {
  "min": 404.7810908339198,
  "mean": 404.7810908339198,
  "max": 404.7810908339198
 },
 "DOA": {
  "min": 418.85766532277034,
  "mean": 418.85766532277034,
  "max": 418.85766532277034
 },
 "CGO": {
  "min": 418.98424764503665,
  "mean": 418.98424764503665,
  "max": 418.98424764503665
 },
 "NIADE": {
  "min": 419.06360779521805,
  "mean": 419.06360779521805,
  "max": 419.06360779521805
 },
 "SADE": {
  "min": 449.08517987709877,
  "mean": 449.08517987709877,
  "max": 449.08517987709877
 },
 "PSO": {
  "min": 449.3479205749329,
  "mean": 449.3479205749329,
  "max": 449.3479205749329
 },
 "GWO": {
  "min": 465.49708423367196,
  "mean": 465.49708423367196,
  "max": 465.49708423367196
 },
 "CCCO": {
  "min": 471.5367766187233,
  "mean": 471.5367766187233,
  "max": 471.5367766187233
 },
 "SOA": {
  "min": 471.8291015661498,
  "mean": 471.8291015661498,
  "max": 471.8291015661498
 },
 "DBO": {
  "min": 474.8496382948417,
  "mean": 474.8496382948417,
  "max": 474.8496382948417
 },
 "GA": {
  "min": 476.1580246891175,
  "mean": 476.1580246891175,
  "max": 476.1580246891175
 },
 "WOA": {
  "min": 621.3944358411246,
  "mean": 621.3944358411246,
  "max": 621.3944358411246
 },
 "WarSO": {
  "min": 1227.7257091386332,
  "mean": 1227.7257091386332,
  "max": 1227.7257091386332
 }
}