{
 "SADE": {
  "min": 600.0,
  "mean": 600.0,
  "max": 600.0
 },
 "NOAH": {
  "min": 600.0000000000001,
  "mean": 600.0000000000001,
  "max": 600.0000000000001
 },
 "PSO": {
  "min": 600.0000000000005,
  "mean": 600.0000000000005,
  "max": 600.0000000000005
 },
 "CCCO": {
  "min": 600.0000000000064,
  "mean": 600.0000000000064,
  "max": 600.0000000000064
 },
 "DOA": {
  "min": 600.0000000000464,
  "mean": 600.0000000000464,
  "max": 600.0000000000464
 },
 "NIADE": {
  "min": 600.0000000843085,
  "mean": 600.0000000843085,
  "max": 600.0000000843085
 },
 "SOA": {
  "min": 600.0000036134436,
  "mean": 600.0000036134436,
  "max": 600.0000036134436
 },
 "CGO": {
  "min": 600.0000150301413,
  "mean": 600.0000150301413,
  "max": 600.0000150301413
 },
 "DBO": {
  "min": 600.0000250856332,
  "mean": 600.0000250856332,
  "max": 600.0000250856332
 },
 "GA": {
  "min": 600.0000806937271,
  "mean": 600.0000806937271,
  "max": 600.0000806937271
 },
 "GWO": {
  "min": 600.0082003073285,
  "mean": 600.0082003073285,
  "max": 600.0082003073285
 },
 "WOA": {
  "min": 600.0184430678393,
  "mean": 600.0184430678393,
  "max": 600.0184430678393
 },
 "WarSO": {
  "min": 601.0101627937078,
  "mean": 601.0101627937078,
  "max": 601.0101627937078
 }
}