{
 "CGO": {
  "min": 850.0005246605035,
  "mean": 850.0005246605035,
  "max": 850.0005246605035
 },
 "GWO": {
  "min": 854.0006232667946,
  "mean": 854.0006232667946,
  "max": 854.0006232667946
 },
 "SOA": {
  "min": 866.005705031055,
  "mean": 866.005705031055,
  "max": 866.005705031055
 },
 "NOAH": {
  "min": 896.0,
  "mean": 896.0,
  "max": 896.0
 },
 "GA": {
  "min": 898.2699310786294,
  "mean": 898.2699310786294,
  "max": 898.2699310786294
 },
 "CCCO": {
  "min": 900.0,
  "mean": 900.0,
  "max": 900.0
 },
 "DOA": {
  "min": 924.0,
  "mean": 924.0,
  "max": 924.0
 },
 "PSO": {
  "min": 966.5000000000209,
  "mean": 966.5000000000209,
  "max": 966.5000000000209
 },
 "SADE": {
  "min": 975.5392119680953,
  "mean": 975.5392119680953,
  "max": 975.5392119680953
 },
 "WarSO": {
  "min": 1002.2893097424874,
  "mean": 1002.2893097424874,
  "max": 1002.2893097424874
 },
 "NIADE": {
  "min": 1014.9660306090389,
  "mean": 1014.9660306090389,
  "max": 1014.9660306090389
 },
 "DBO": {
  "min": 1020.0,
  "mean": 1020.0,
  "max": 1020.0
 },
 "WOA": {
  "min": 1100.5389302942642,
  "mean": 1100.5389302942642,
  "max": 1100.5389302942642
 }
}