{
 "SADE": {
  "min": 900.000000007456,
  "mean": 900.000000007456,
  "max": 900.000000007456
 },
 "NIADE": {
  "min": 900.0000013001779,
  "mean": 900.0000013001779,
  "max": 900.0000013001779
 },
 "SOA": {
  "min": 900.1796094685559,
  "mean": 900.1796094685559,
  "max": 900.1796094685559
 },
 "GA": {
  "min": 900.2332744513263,
  "mean": 900.2332744513263,
  "max": 900.2332744513263
 },
 "GWO": {
  "min": 900.2490479470924,
  "mean": 900.2490479470924,
  "max": 900.2490479470924
 },
 "DOA": {
  "min": 900.5439563139049,
  "mean": 900.5439563139049,
  "max": 900.5439563139049
 },
 "CGO": {
  "min": 900.5442459861014,
  "mean": 900.5442459861014,
  "max": 900.5442459861014
 },
 "CCCO": {
  "min": 901.1005818402921,
  "mean": 901.1005818402921,
  "max": 901.1005818402921
 },
 "WarSO": {
  "min": 905.4125511132746,
  "mean": 905.4125511132746,
  "max": 905.4125511132746
 },
 "PSO": {
  "min": 906.6081392414535,
  "mean": 906.6081392414535,
  "max": 906.6081392414535
 },
 "NOAH": {
  "min": 907.8154566390697,
  "mean": 907.8154566390697,
  "max": 907.8154566390697
 },
 "DBO": {
  "min": 907.9164783334362,
  "mean": 907.9164783334362,
  "max": 907.9164783334362
 },
 "WOA": {
  "min": 908.8231770153105,
  "mean": 908.8231770153105,
  "max": 908.8231770153105
 }
}