{
 "NOAH": {
  "min": 19717.45039225341,
  "mean": 19717.45039225341,
  "max": 19717.45039225341
 },
 "SOA": {
  "min": 35552.7498635879,
  "mean": 35552.7498635879,
  "max": 35552.7498635879
 },
 "PSO": {
  "min": 43639.62382671599,
  "mean": 43639.62382671599,
  "max": 43639.62382671599
 },
 "DOA": {
  "min": 45365.546514114736,
  "mean": 45365.546514114736,
  "max": 45365.546514114736
 },
 "CCCO": {
  "min": 45711.25527107306,
  "mean": 45711.25527107306,
  "max": 45711.25527107306
 },
 "CGO": {
  "min": 47098.92450677789,
  "mean": 47098.92450677789,
  "max": 47098.92450677789
 },
 "WOA": {
  "min": 47120.440919966,
  "mean": 47120.440919966,
  "max": 47120.440919966
 },
 "GWO": {
  "min": 62855.118284154916,
  "mean": 62855.118284154916,
  "max": 62855.118284154916
 },
 "SADE": {
  "min": 234658.29789307425,
  "mean": 234658.29789307425,
  "max": 234658.29789307425
 },
 "DBO": {
  "min": 442333.2163666702,
  "mean": 442333.2163666702,
  "max": 442333.2163666702
 },
 "GA": {
  "min": 544776.9646600756,
  "mean": 544776.9646600756,
  "max": 544776.9646600756
 },
 "NIADE": {
  "min": 2088773.86437569,
  "mean": 2088773.86437569,
  "max": 2088773.86437569
 },
 "WarSO": {
  "min": 823834353.614039,
  "mean": 823834353.614039,
  "max": 823834353.614039
 }
}